{
    "Seacliff": {
        "x": -122.49930468564105,
        "y": 37.78277749615176
    },
    "Haight Ashbury": {
        "x": -122.44532762490334,
        "y": 37.7678064766127
    },
    "Outer Mission": {
        "x": -122.4436351223265,
        "y": 37.72205866774567
    },
    "Russian Hill": {
        "x": -122.41677884098488,
        "y": 37.80326053813069
    },
    "Noe Valley": {
        "x": -122.43447662845156,
        "y": 37.74903833113791
    },
    "Inner Sunset": {
        "x": -122.46430237552613,
        "y": 37.75752592896055
    },
    "Downtown/Civic Center": {
        "x": -122.41507133317751,
        "y": 37.781630858277424
    },
    "Diamond Heights": {
        "x": -122.44361397542366,
        "y": 37.74104435682833
    },
    "Treasure Island/YBI": {
        "x": -122.36898710512838,
        "y": 37.82014872356687
    },
    "Lakeshore": {
        "x": -122.48878230531109,
        "y": 37.7233171593776
    },
    "Outer Richmond": {
        "x": -122.49549845807223,
        "y": 37.77956222124282
    },
    "Crocker Amazon": {
        "x": -122.43756678656507,
        "y": 37.71233874958163
    },
    "Excelsior": {
        "x": -122.42095717718274,
        "y": 37.724126953442806
    },
    "Parkside": {
        "x": -122.48954714858243,
        "y": 37.74137339816896
    },
    "Financial District": {
        "x": -122.39824474159792,
        "y": 37.79109029661812
    },
    "Ocean View": {
        "x": -122.4596085290263,
        "y": 37.719615378536275
    },
    "Mission": {
        "x": -122.41482583281342,
        "y": 37.759961685556995
    },
    "West of Twin Peaks": {
        "x": -122.45672799960312,
        "y": 37.73804845410936
    },
    "Inner Richmond": {
        "x": -122.46259606240814,
        "y": 37.7809555522827
    },
    "Marina": {
        "x": -122.43668613612765,
        "y": 37.80197752622462
    },
    "Bayview": {
        "x": -122.38252005781598,
        "y": 37.73031666291905
    },
    "Visitacion Valley": {
        "x": -122.41423630394343,
        "y": 37.716319171352026
    },
    "Pacific Heights": {
        "x": -122.43499454340119,
        "y": 37.79242829759619
    },
    "Presidio": {
        "x": -122.46622844917889,
        "y": 37.7989447748635
    },
    "Nob Hill": {
        "x": -122.41611208321024,
        "y": 37.79294375601709
    },
    "Outer Sunset": {
        "x": -122.49419202004299,
        "y": 37.75534689125176
    },
    "Western Addition": {
        "x": -122.43434153876696,
        "y": 37.77969412386907
    },
    "Golden Gate Park": {
        "x": -122.48308049743844,
        "y": 37.769311946281135
    },
    "Presidio Heights": {
        "x": -122.4546241751751,
        "y": 37.78643529386159
    },
    "South of Market": {
        "x": -122.40236232780298,
        "y": 37.7786857057926
    },
    "Glen Park": {
        "x": -122.43205272147773,
        "y": 37.737731418672624
    },
    "Potrero Hill": {
        "x": -122.39274317744668,
        "y": 37.75826348922041
    },
    "Castro/Upper Market": {
        "x": -122.43617866997383,
        "y": 37.76251478117079
    },
    "Twin Peaks": {
        "x": -122.45119933635668,
        "y": 37.75324480119758
    },
    "Bernal Heights": {
        "x": -122.41957413859328,
        "y": 37.74042477367935
    },
    "Chinatown": {
        "x": -122.4071490382508,
        "y": 37.79408661378233
    },
    "North Beach": {
        "x": -122.40819641316538,
        "y": 37.80471221438872
    }
}
